timestamp	room	experiment	file_changed	score	baseline	delta	status	description
2026-03-10T16:01:27	validator	1	tools/validate_submission.py	0.6667	0.6667	+0.0000	discard	Simplify RSN detection by removing unnecessary re.IGNORECASE flag in the regex pattern.
2026-03-10T16:01:30	validator	2	tools/validate_submission.py	0	0.6667	0	apply_failed	apply failed: remove ambiguous wording in AI detection phrases to improve precision
2026-03-10T16:01:32	validator	3	tools/validate_submission.py	0	0.6667	0	apply_failed	apply failed: Remove redundant check for 'AI_Assist markers' which may falsely increase false positives.
2026-03-11T04:16:11	validator	1	tools/validate_submission.py	0.6667	0.6667	+0.0000	discard	Remove redundant re.IGNORECASE flag from RSN regex pattern as RSNs are case-insensitive by definition.
2026-03-11T04:16:14	validator	2	tools/validate_submission.py	0.6667	0.6667	+0.0000	discard	Simplify RSN regex to avoid unnecessary re.IGNORECASE flag, potentially reducing false positives.
2026-03-11T04:16:16	validator	3	tools/validate_submission.py	0.6667	0.6667	+0.0000	discard	remove the re.IGNORECASE flag for RSN patterns for stricter matching
2026-03-11T04:16:18	validator	4	tools/validate_submission.py	0.6667	0.6667	+0.0000	discard	Remove unnecessary re.IGNORECASE flag in RSN regex to simplify detection logic and reduce over-detection.
2026-03-11T04:16:19	validator	5	tools/validate_submission.py	0.6667	0.6667	+0.0000	discard	Remove re.IGNORECASE flag from AI_BLACKLISTED_PHRASES regex patterns to improve precision
2026-03-11T04:16:21	validator	6	tools/validate_submission.py	0.6667	0.6667	+0.0000	discard	simplify RSN pattern matching to focus on specific case-sensitive format
2026-03-11T04:16:23	validator	7	tools/validate_submission.py	0.6667	0.6667	+0.0000	discard	Remove re.IGNORECASE flag when finding 'RSN' patterns to potentially reduce false positives
2026-03-11T04:16:25	validator	8	tools/validate_submission.py	0	0.6667	0	apply_failed	apply failed: Simplify RSN and figure patterns by removing re.IGNORECASE for better precision.
2026-03-11T04:16:27	validator	9	tools/validate_submission.py	0.6667	0.6667	+0.0000	discard	simplify RSN detection by removing redundant re.IGNORECASE flag
2026-03-11T04:16:29	validator	10	tools/validate_submission.py	0.6667	0.6667	+0.0000	discard	Remove re.IGNORECASE flag from RSN regex to reduce false positives in case-sensitive RSN detection
2026-03-12T04:20:37	validator	1	tools/validate_submission.py	0.6667	0.6667	+0.0000	discard	remove re.IGNORECASE flag from RSN detection to reduce false positives
2026-03-12T04:20:40	validator	2	tools/validate_submission.py	0.6667	0.6667	+0.0000	discard	simplify RSN detection by removing re.IGNORECASE from the regex pattern
2026-03-12T04:20:42	validator	3	tools/validate_submission.py	0.6667	0.6667	+0.0000	discard	Remove the re.IGNORECASE flag from RSN regex to focus on case-sensitive RSN detection.
2026-03-12T04:20:44	validator	4	tools/validate_submission.py	0.6667	0.6667	+0.0000	discard	simplify RSN detection regex by removing re.IGNORECASE flag to potentially improve precision
2026-03-12T04:20:46	validator	5	tools/validate_submission.py	0.6667	0.6667	+0.0000	discard	simplify RSN pattern matching by removing unnecessary re.IGNORECASE flag
2026-03-12T04:20:48	validator	6	tools/validate_submission.py	0.6667	0.6667	+0.0000	discard	Remove re.IGNORECASE flag from RSN regex to potentially reduce false positives in detection.
2026-03-12T04:20:50	validator	7	tools/validate_submission.py	0.6667	0.6667	+0.0000	discard	Improve RSN detection match accuracy by making it case-sensitive
2026-03-12T04:20:52	validator	8	tools/validate_submission.py	0.6667	0.6667	+0.0000	discard	Remove re.IGNORECASE flag from RSN pattern matching to increase precision of detection and reduce false positives.
2026-03-12T04:20:54	validator	9	tools/validate_submission.py	0.6667	0.6667	+0.0000	discard	simplify RSN detection by removing re.IGNORECASE flag to ensure case-sensitive matching
2026-03-12T04:20:56	validator	10	tools/validate_submission.py	0.6667	0.6667	+0.0000	discard	simplify RSN detection by narrowing case sensitivity
2026-03-13T04:19:26	prompts	1	.agent/prompts/verifier.md	0.0000	0.0000	+0.0000	discard	clarify the importance of SSOT hash check in 'PASO 0' to emphasize its role in pipeline integrity
2026-03-13T04:19:29	prompts	2	.agent/prompts/verifier.md	0.0000	0.0000	+0.0000	discard	clarify rule for immediate abortion on SSOT hash mismatch
2026-03-13T04:19:31	prompts	3	.agent/prompts/verifier.md	0.0000	0.0000	+0.0000	discard	Remove redundancy by consolidating notes on known risks in the 'Al iniciar' section
2026-03-13T04:19:33	prompts	4	.agent/prompts/verifier.md	0.0000	0.0000	+0.0000	discard	clarify the warning action in PASO 3 for σ_max > 0.4 · fy but ≤ 0.6 · fy
2026-03-13T04:19:36	prompts	5	.agent/prompts/verifier.md	0.0000	0.0000	+0.0000	discard	simplify Data Provenance Rule section by removing redundant instructions on PEER records for clarity
2026-03-13T04:19:38	prompts	6	.agent/prompts/verifier.md	0.0000	0.0000	+0.0000	discard	simplify phrasing for consistent clarity in the Gold Rule statement
2026-03-13T04:19:39	prompts	7	.agent/prompts/verifier.md	0.0000	0.0000	+0.0000	discard	Simplify the note in PASO 0 to improve clarity and reduce redundancy
2026-03-13T04:19:41	prompts	8	.agent/prompts/verifier.md	0.0000	0.0000	+0.0000	discard	Simplify the rule for Coherencia Firmware ↔ Simulación by removing unnecessary columns from the parameter verification table.
2026-03-13T04:19:43	prompts	9	.agent/prompts/verifier.md	0.0000	0.0000	+0.0000	discard	simplify the explanation of immediate pipeline abortion if hash does not match
2026-03-13T04:19:45	prompts	10	.agent/prompts/verifier.md	0.0000	0.0000	+0.0000	discard	Simplify redundant language in the identity and role section for clarity.
2026-03-14T04:17:39	skills	1	.agent/skills/paper_production.md	0	0.0	0	apply_failed	apply failed: add clarity to the EXPLORE phase by explicitly emphasizing the role of risk identification and its storage in memory
2026-03-14T04:17:42	skills	2	.agent/skills/paper_production.md	0.0000	0.0000	+0.0000	discard	Remove redundancy in specifying paper status transitions for clarity.
2026-03-14T04:17:44	skills	3	.agent/skills/paper_production.md	0	0.0	0	apply_failed	apply failed: remove redundant explanation about article type when COMPUTE is skipped
2026-03-14T04:17:47	skills	4	.agent/skills/paper_production.md	0	0.0	0	apply_failed	apply failed: Simplify redundancy by merging repetitive information about avoiding essays without real data.
2026-03-14T04:17:49	skills	5	.agent/skills/paper_production.md	0.0000	0.0000	+0.0000	discard	Simplify redundancy in 'Specificity Rule' to improve clarity and brevity
2026-03-14T04:17:50	skills	6	.agent/skills/paper_production.md	0.0000	0.0000	+0.0000	discard	clarify rule about avoiding placeholder data in figures by adding an additional reminder for real sources
2026-03-14T04:17:53	skills	7	.agent/skills/paper_production.md	0	0.0	0	apply_failed	apply failed: simplify critical pattern description to improve clarity and coverage
2026-03-14T04:17:54	skills	8	.agent/skills/paper_production.md	0.0000	0.0000	+0.0000	discard	simplify to clarify that sub-agents must follow rules to avoid VERIFY failure
2026-03-14T04:17:56	skills	9	.agent/skills/paper_production.md	0.0000	0.0000	+0.0000	discard	simplify language in a structural rule for improved clarity
2026-03-14T04:17:57	skills	10	.agent/skills/paper_production.md	0.0000	0.0000	+0.0000	discard	Remove redundancy by replacing repetitive rule about paper content generation with a single general rule
2026-03-15T04:38:19	skills	1	.agent/skills/signal_processing.md	0.0000	0.0000	+0.0000	discard	simplify anti-pattern rule about Kalman vs moving-average buffer for clarity
2026-03-15T04:38:22	skills	2	.agent/skills/signal_processing.md	0.0000	0.0000	+0.0000	discard	simplify and clarify 'Kalman vs Buffer' section to improve structure without losing meaning
2026-03-15T04:38:24	skills	3	.agent/skills/signal_processing.md	0.0000	0.0000	+0.0000	discard	simplify anti-pattern about skipping unit verification between Kalman output and OpenSeesPy
2026-03-15T04:38:25	skills	4	.agent/skills/signal_processing.md	0.0000	0.0000	+0.0000	discard	simplify description to improve clarity and focus
2026-03-15T04:38:26	skills	5	.agent/skills/signal_processing.md	0.0000	0.0000	+0.0000	discard	Remove clutter by simplifying anti-pattern details to make them concise.
2026-03-15T04:38:28	skills	6	.agent/skills/signal_processing.md	0.0000	0.0000	+0.0000	discard	simplify Verifier integration step to clarify estimator variance procedure
2026-03-15T04:38:29	skills	7	.agent/skills/signal_processing.md	0.0000	0.0000	+0.0000	discard	clarify the critical pattern's requirement about reading Kalman parameters from SSOT
2026-03-15T04:38:31	skills	8	.agent/skills/signal_processing.md	0.0000	0.0000	+0.0000	discard	simplify explanation of Q and R parameters for better clarity and content richness
2026-03-15T04:38:33	skills	9	.agent/skills/signal_processing.md	0.0000	0.0000	+0.0000	discard	simplify descriptions in Critical Patterns for Kalman vs Buffer to improve clarity and structure
2026-03-15T04:38:34	skills	10	.agent/skills/signal_processing.md	0.0000	0.0000	+0.0000	discard	clarify the condition for abort protocol activation in Signal classification section
2026-03-16T04:46:34	simulation	1	src/physics/torture_chamber.py	0.0000	0.0000	+0.0000	discard	replace hardcoded fallback values with localized variables for flexibility
2026-03-16T04:46:37	simulation	2	src/physics/torture_chamber.py	0	0.0	0	apply_failed	apply failed: simplify by removing redundant 'Guardian Angel RL-2' reference in warning
2026-03-16T04:46:39	simulation	3	src/physics/torture_chamber.py	0	0.0	0	apply_failed	apply failed: replace division by two with multiplication for numerical accuracy
2026-03-16T04:46:41	simulation	4	src/physics/torture_chamber.py	0.0000	0.0000	+0.0000	discard	Improve exception handling in stress computation to provide more specific debug information.
2026-03-16T04:46:42	simulation	5	src/physics/torture_chamber.py	0.0000	0.0000	+0.0000	discard	simplify exception handling in stress computation to avoid masking errors
2026-03-16T04:46:44	simulation	6	src/physics/torture_chamber.py	0	0.0	0	apply_failed	apply failed: Remove unnecessary hardcoded warning message for missing model_props keys
2026-03-16T04:46:46	simulation	7	src/physics/torture_chamber.py	0.0000	0.0000	+0.0000	discard	remove over-cautious use of try-except in step function to simplify error handling
2026-03-16T04:46:48	simulation	8	src/physics/torture_chamber.py	0.0000	0.0000	+0.0000	discard	simplify _get_nested function to reduce potential errors
2026-03-16T04:47:36	simulation	9	src/physics/torture_chamber.py	0.0000	0.0000	+0.0000	discard	simplify conditional check in _get_nested function
2026-03-16T04:47:38	simulation	10	src/physics/torture_chamber.py	0.0000	0.0000	+0.0000	discard	reduce risk of division by zero in stress computation
2026-03-17T04:24:51	simulation	1	src/physics/spectral_engine.py	0	0.0	0	apply_failed	apply failed: remove redundant insertion of ROOT path to sys.path
2026-03-17T04:24:54	simulation	2	src/physics/spectral_engine.py	0	0.0	0	apply_failed	apply failed: remove unnecessary sys.path insertion for cleaner imports
2026-03-17T04:24:56	simulation	3	src/physics/spectral_engine.py	0.0000	0.0000	+0.0000	discard	simplify default case by directly assigning T_range in function signature using np.linspace
2026-03-17T04:24:59	simulation	4	src/physics/spectral_engine.py	0	0.0	0	apply_failed	apply failed: Remove unnecessary try-except block for numpy import to improve code simplicity and maintainability
2026-03-17T04:25:01	simulation	5	src/physics/spectral_engine.py	0	0.0	0	apply_failed	apply failed: remove redundant sys.path insertion for cleaner code
2026-03-17T04:25:03	simulation	6	src/physics/spectral_engine.py	0	0.0	0	apply_failed	apply failed: remove redundant sys.path modification which is unnecessary and can cause side effects
2026-03-17T04:25:06	simulation	7	src/physics/spectral_engine.py	0.0000	0.0000	+0.0000	discard	remove unnecessary hard stop for missing numpy import
2026-03-17T04:25:09	simulation	8	src/physics/spectral_engine.py	0	0.0	0	apply_failed	apply failed: remove unnecessary sys.path insertion
2026-03-17T04:25:11	simulation	9	src/physics/spectral_engine.py	0	0.0	0	apply_failed	apply failed: remove redundant sys.path.insert since ROOT is not needed here
2026-03-17T04:25:14	simulation	10	src/physics/spectral_engine.py	0	0.0	0	apply_failed	apply failed: Remove redundant sys.path modification for cleaner code structure
2026-03-18T04:30:46	validator	1	tools/validate_submission.py	0.6667	0.6667	+0.0000	discard	Make RSN matching case-sensitive to reduce false positives in detection.
2026-03-18T04:31:15	validator	2	tools/validate_submission.py	0.6667	0.6667	+0.0000	discard	simplify RSN detection regex by removing re.IGNORECASE flag to reduce false positives
2026-03-18T04:31:18	validator	3	tools/validate_submission.py	0.6667	0.6667	+0.0000	discard	Remove re.IGNORECASE from RSN regex to reduce false positives
2026-03-18T04:31:20	validator	4	tools/validate_submission.py	0.6667	0.6667	+0.0000	discard	Restrict RSN detection to case-sensitive matching to potentially reduce false positives.
2026-03-18T04:31:23	validator	5	tools/validate_submission.py	0.6667	0.6667	+0.0000	discard	Remove re.IGNORECASE from RSN detection to increase precision
2026-03-18T04:32:14	validator	6	tools/validate_submission.py	0.6667	0.6667	+0.0000	discard	increase precision by making RSN regex case-sensitive
2026-03-18T04:32:17	validator	7	tools/validate_submission.py	0.6667	0.6667	+0.0000	discard	Make RSN detection case-sensitive to reduce false positives
2026-03-18T04:32:20	validator	8	tools/validate_submission.py	0.6667	0.6667	+0.0000	discard	Make RSN detection case-sensitive to potentially reduce false positives.
2026-03-18T04:32:23	validator	9	tools/validate_submission.py	0.6667	0.6667	+0.0000	discard	remove re.IGNORECASE from RSN regex to reduce false positives and improve precision
2026-03-18T04:32:26	validator	10	tools/validate_submission.py	0.6667	0.6667	+0.0000	discard	simplify RSN pattern detection by making it case-sensitive to reduce false positives
2026-03-19T04:29:02	prompts	1	.agent/prompts/physical_critic.md	0.0000	0.0000	+0.0000	discard	simplify identity and role to remove redundancy
2026-03-19T04:29:05	prompts	2	.agent/prompts/physical_critic.md	0.0000	0.0000	+0.0000	discard	clarify the format of activation condition example to avoid redundancy and improve compliance
2026-03-19T04:29:08	prompts	3	.agent/prompts/physical_critic.md	0.0000	0.0000	+0.0000	discard	Remove redundant reference to specific sub-agent in Identity and Role section to streamline clarity.
2026-03-19T04:29:10	prompts	4	.agent/prompts/physical_critic.md	0.0000	0.0000	+0.0000	discard	simplify description for clarity in 'Dominio water' stability checklist point 1
2026-03-19T04:29:12	prompts	5	.agent/prompts/physical_critic.md	0.0000	0.0000	+0.0000	discard	simplify activation condition phrasing for clarity
2026-03-19T04:30:15	prompts	6	.agent/prompts/physical_critic.md	0.0000	0.0000	+0.0000	discard	simplify the checklist header for better clarity
2026-03-19T04:30:17	prompts	7	.agent/prompts/physical_critic.md	0.0000	0.0000	+0.0000	discard	simplify language in Engram Bus protocol step to improve clarity
2026-03-19T04:30:19	prompts	8	.agent/prompts/physical_critic.md	0.0000	0.0000	+0.0000	discard	simplify the Identity and Role section for concise phrasing without removing critical information
2026-03-19T04:30:21	prompts	9	.agent/prompts/physical_critic.md	0.0000	0.0000	+0.0000	discard	simplify activation conditions for improved clarity and readability
2026-03-19T04:31:15	prompts	10	.agent/prompts/physical_critic.md	0.0000	0.0000	+0.0000	discard	simplify phrasing in 'Protocolo Engram Bus' for greater clarity
2026-03-21T04:11:56	simulation	1	src/physics/torture_chamber.py	0	0.0	0	apply_failed	apply failed: remove unnecessary sys.path modification for cleaner code structure
2026-03-21T04:11:58	simulation	2	src/physics/torture_chamber.py	0	0.0	0	apply_failed	apply failed: remove redundant sys.path modification
2026-03-21T04:12:00	simulation	3	src/physics/torture_chamber.py	0	0.0	0	apply_failed	apply failed: Remove unnecessary sys.path modification to improve code quality
2026-03-21T04:12:01	simulation	4	src/physics/torture_chamber.py	0	0.0	0	apply_failed	apply failed: remove redundant sys.path.append usage to simplify imports
2026-03-21T04:12:03	simulation	5	src/physics/torture_chamber.py	0	0.0	0	apply_failed	apply failed: remove unnecessary sys.path.append to avoid potential side effects
2026-03-21T04:12:05	simulation	6	src/physics/torture_chamber.py	0	0.0	0	apply_failed	apply failed: remove unnecessary sys.path modification for cleaner code
2026-03-21T04:12:06	simulation	7	src/physics/torture_chamber.py	0.0000	0.0000	+0.0000	discard	simplify _NEWMARK_GAMMA_LINEAR assignment with inline math for clarity and remove redundancy
2026-03-21T04:12:09	simulation	8	src/physics/torture_chamber.py	0	0.0	0	apply_failed	apply failed: remove redundant sys.path.append call to simplify and avoid potential side effects
2026-03-21T04:12:11	simulation	9	src/physics/torture_chamber.py	0	0.0	0	apply_failed	apply failed: remove unnecessary sys.path.append to improve code clarity and potentially avoid side effects
2026-03-21T04:12:59	simulation	10	src/physics/torture_chamber.py	0	0.0	0	apply_failed	apply failed: remove unused sys.path.append call to improve clarity and reduce unnecessary code
2026-03-23T04:35:54	skills	1	.agent/skills/paper_production.md	0.0000	0.0000	+0.0000	discard	remove redundant phrase to improve clarity and reduce wordiness
2026-03-23T04:35:56	skills	2	.agent/skills/paper_production.md	0	0.0	0	apply_failed	apply failed: remove redundant mention of 'describe what a model would do' since it is covered under anti-patterns
2026-03-23T04:35:57	skills	3	.agent/skills/paper_production.md	0.0000	0.0000	+0.0000	discard	Remove redundant phrase, 'Without it, IMPLEMENT is BLOCKED,' to improve clarity and conciseness.
2026-03-23T04:36:44	skills	4	.agent/skills/paper_production.md	0	0.0	0	apply_failed	apply failed: simplify an overly prescriptive tone in 'Specificity Rule' by removing redundant phrasing
2026-03-23T04:36:46	skills	5	.agent/skills/paper_production.md	0	0.0	0	apply_failed	apply failed: simplify explanation of SDD Flow for Papers by removing redundant detail about orchestrator
2026-03-23T04:36:47	skills	6	.agent/skills/paper_production.md	0	0.0	0	apply_failed	apply failed: clarify SPEC sub-agent actions related to targets and improve structure
2026-03-23T04:36:50	skills	7	.agent/skills/paper_production.md	0.0000	0.0000	+0.0000	discard	clarify the role of SPEC and DESIGN phases for better understanding
2026-03-23T04:36:51	skills	8	.agent/skills/paper_production.md	0.0000	0.0000	+0.0000	discard	clarify the necessity of having real data for COMPUTE phase
2026-03-23T04:36:53	skills	9	.agent/skills/paper_production.md	0.0000	0.0000	+0.0000	discard	clarify the importance of running `validate_submission.py` before `compile_paper.sh`
2026-03-23T04:36:55	skills	10	.agent/skills/paper_production.md	0.0000	0.0000	+0.0000	discard	simplify anti-pattern about passing large prompts to sub-agents for better clarity
